Date,Payload ,Vehicle,Company,Site
"Jul 20, 2021",NS-16/M15,New Shepard System,Blue Origin,TX
"20210711Jul 11, 2021",VH01,SpaceShipTwo,Virgin Galactic,NM
"20210630Jun 30, 2021",Transporter-2,Falcon 9,Space Exploration Technologies Corporation,FL
"20210630Jun 30, 2021",Flight 3,LauncherOne (L1),"Virgin Orbit, LLC",CA
"20210613Jun 13, 2021",TacRL-2,Pegasus XL,"Orbital Sciences, LLC",CA
"20210606Jun 6, 2021",SiriusXM-8,Falcon 9,Space Exploration Technologies Corporation,FL
"20210603Jun 3, 2021",CRS-22,Falcon 9,Space Exploration Technologies Corporation,FL
"20210526May 26, 2021",Starlink v1.0-28,Falcon 9,Space Exploration Technologies Corporation,FL
"20210522May 22, 2021",VF02-02,SpaceShipTwo,Virgin Galactic,NM
"20210515May 15, 2021",Starlink v1.0-26,Falcon 9,Space Exploration Technologies Corporation,FL
"20210515May 15, 2021","F20 ""Running out of Toes""",Electron,Rocket Lab Global,NZ
"20210509May 9, 2021",Starlink v1.0-27,Falcon 9,Space Exploration Technologies Corporation,FL
"20210505May 5, 2021",Suborbital Flight 5 (SN15),Starship Prototype,Space Exploration Technologies Corporation,TX
"20210504May 4, 2021",Starlink v1.0-25,Falcon 9,Space Exploration Technologies Corporation,FL
"20210429Apr 29, 2021",Starlink v1.0-24,Falcon 9,Space Exploration Technologies Corporation,FL
"20210423Apr 23, 2021",Crew-2,Falcon 9,Space Exploration Technologies Corporation,FL
"20210414Apr 14, 2021",NS-15/M14,New Shepard System,Blue Origin,TX
"20210407Apr 7, 2021",Starlink v1.0-23,Falcon 9,Space Exploration Technologies Corporation,FL
"20210330Mar 30, 2021",SN11,Starship Prototype,Space Exploration Technologies Corporation,TX
"20210324Mar 24, 2021",Starlink v1.0-22,Falcon 9,Space Exploration Technologies Corporation,FL
"20210322Mar 22, 2021","F19 ""They Go Up So Fast""",Electron,Rocket Lab Global,NZ
"20210314Mar 14, 2021",Starlink v1.0-21,Falcon 9,Space Exploration Technologies Corporation,FL
"20210311Mar 11, 2021",Starlink v1.0-20,Falcon 9,Space Exploration Technologies Corporation,FL
"20210304Mar 4, 2021",Starlink v1.0-17,Falcon 9,Space Exploration Technologies Corporation,FL
"20210303Mar 3, 2021",SN10 Suborbital Flight,Starship Prototype,Space Exploration Technologies Corporation,TX
"20210220Feb 20, 2021",NG-15,Antares,Orbital Sciences Corp,VA
"20210216Feb 16, 2021",Starlink v1.0-19,Falcon 9,Space Exploration Technologies Corporation,FL
"20210204Feb 4, 2021",Starlink v1.0-18,Falcon 9,Space Exploration Technologies Corporation,FL
"20210202Feb 2, 2021",SN9 Suborbital Flight,Starship Prototype,Space Exploration Technologies Corporation,TX
"20210124Jan 24, 2021",Transporter-1,Falcon 9,Space Exploration Technologies Corporation,FL
"20210120Jan 20, 2021",Starlink v1.0-16,Falcon 9,Space Exploration Technologies Corporation,FL
"20210120Jan 20, 2021",Kramer/Another One Leaves the Crust,Electron,Rocket Lab Global,NZ
"20210117Jan 17, 2021",Flight 2,LauncherOne (L1),"Virgin Orbit, LLC",CA
"20210114Jan 14, 2021",NS-14/M13,New Shepard System,Blue Origin,TX
"20210107Jan 7, 2021",Turksat-5A,Falcon 9,Space Exploration Technologies Corporation,FL
"20201219Dec 19, 2020",NROL-108,Falcon 9,Space Exploration Technologies Corporation,FL
"20201215Dec 15, 2020",Test Launch,Rocket 3.2,Astra,AK
"20201215Dec 15, 2020",Flight 17 / SARdine,Electron,Rocket Lab Global,NZ
"20201213Dec 13, 2020",SiriusXM-7,Falcon 9,Space Exploration Technologies Corporation,FL
"20201212Dec 12, 2020",VF02,SpaceShipTwo,Virgin Galactic,NM
"20201209Dec 9, 2020",15km Hop,Starship Prototype,Space Exploration Technologies Corporation,TX
"20201206Dec 6, 2020",CRS-21,Falcon 9,Space Exploration Technologies Corporation,FL
"20201124Nov 24, 2020",Starlink v1.0-15,Falcon 9,Space Exploration Technologies Corporation,FL
"20201119Nov 19, 2020",Flight 16 / Bonnie,Electron,Rocket Lab Global,NZ
"20201115Nov 15, 2020",Crew-1,Falcon 9,Space Exploration Technologies Corporation,FL
"20201028Oct 28, 2020","Flight 15/Papa1 ""In Focus""",Electron,Rocket Lab Global,NZ
"20201024Oct 24, 2020",Starlink v1.0-14,Falcon 9,Space Exploration Technologies Corporation,FL
"20201018Oct 18, 2020",Starlink v1.0-13,Falcon 9,Space Exploration Technologies Corporation,FL
"20201013Oct 13, 2020",NS13 P10,New Shepard System,Blue Origin,TX
"20201006Oct 6, 2020",Starlink v1.0-12,Falcon 9,Space Exploration Technologies Corporation,FL
"20201002Oct 2, 2020",NG-14,Antares,Northrop Grumman,VA
"20200911Sep 11, 2020",Test Launch 3.1,Astra Rocket 3,Astra,AK
"20200903Sep 3, 2020",150m Hop,Starship Hopper,Space Exploration Technologies Corporation,TX
"20200903Sep 3, 2020",Starlink v1.0-11,Falcon 9,Space Exploration Technologies Corporation,FL
"20200830Aug 30, 2020",Capella-2,Electron,Rocket Lab Global,NZ
"20200830Aug 30, 2020",SAOCOM-1B,Falcon 9,Space Exploration Technologies Corporation,FL
"20200818Aug 18, 2020",Starlink v1.0-10,Falcon 9,Space Exploration Technologies Corporation,FL
"20200807Aug 7, 2020",Starlink v1.0-9,Falcon 9,Space Exploration Technologies Corporation,FL
"20200804Aug 4, 2020",150M Hop,Starship Prototype,Space Exploration Technologies Corporation,TX
"20200720Jul 20, 2020",K-MILSAT 1,Falcon 9,Space Exploration Technologies Corporation,FL
"20200704Jul 4, 2020",Exposure,Electron,Rocket Lab Global,NZ
"20200613Jun 13, 2020",Starlink,Falcon 9,Space Exploration Technologies Corporation,FL
"20200613Jun 13, 2020",Big Ben,Electron,Rocket Lab Global,NZ
"20200603Jun 3, 2020",Starlink,Falcon 9,Space Exploration Technologies Corporation,FL
"20200525May 25, 2020",Flight 1,LauncherOne (L1),"Virgin Orbit, LLC",CA
"20200422Apr 22, 2020",Starlink,Falcon 9,Space Exploration Technologies Corporation,FL
"20200318Mar 18, 2020",Starlink,Falcon 9,Space Exploration Technologies Corporation,FL
"20200306Mar 6, 2020",CRS-20,Falcon 9,Space Exploration Technologies Corporation,FL
"20200217Feb 17, 2020",Starlink,Falcon 9,Space Exploration Technologies Corporation,FL
"20200215Feb 15, 2020",NG-13 Cygnus,Antares,Northrop Grumman,VA
"20200130Jan 30, 2020",L-151,Electron,Rocket Lab USA,NZ
"20200129Jan 29, 2020",Starlink,Falcon 9,Space Exploration Technologies Corporation,FL
"20200119Jan 19, 2020",Crew Dragon/In-Flight Abort,Falcon 9,Space Exploration Technologies Corporation,FL
"20200106Jan 6, 2020",Starlink,Falcon 9,Space Exploration Technologies Corporation,FL
"20191216Dec 16, 2019",JCSAT-18,Falcon 9,Space Exploration Technologies Corporation,FL
"20191211Dec 11, 2019",NS4 P9,New Shepard System,Blue Origin,TX
"20191206Dec 6, 2019",Pinball / Running Out of Fingers,Electron,Rocket Lab USA,NZ
"20191205Dec 5, 2019",CRS-19,Falcon 9,Space Exploration Technologies Corporation,FL
"20191111Nov 11, 2019",Starlink,Falcon 9,Space Exploration Technologies Corporation,FL
"20191102Nov 2, 2019",NG-12 Cygnus,Antares,Northrop Grumman,VA
"20191026Oct 26, 2019",M4,SARGE,Exos Aerospace,NM
"20191016Oct 16, 2019",Palisade,Electron,Rocket Lab Global,NZ
"20190819Aug 19, 2019",PEARLWHITE,Electron,Rocket Lab USA,NZ
"20190806Aug 6, 2019",Amos-17,Falcon 9,Space Exploration Technologies Corporation,FL
"20190725Jul 25, 2019",CRS-18,Falcon 9,Space Exploration Technologies Corporation,FL
"20190701Jul 1, 2019",M3,SARGE,Exos Aerospace,NM
"20190629Jun 29, 2019",BLACKSKY,Electron,Rocket Lab USA,NZ
"20190612Jun 12, 2019",RadarSat,Falcon 9,Space Exploration Technologies Corporation,CA
"20190523May 23, 2019",Starlink,Falcon 9,Space Exploration Technologies Corporation,FL
"20190505May 5, 2019",STP-27RD,Electron,Rocket Lab USA,NZ
"20190504May 4, 2019",Dragon capsule,Falcon 9,Space Exploration Technologies Corporation,FL
"20190502May 2, 2019",NS4 P8,New Shepard System,Blue Origin,TX
"20190417Apr 17, 2019",NG-11 Cygnus,Antares,Orbital Sciences Corp.,VA
"20190411Apr 11, 2019",Arabsat 6A,Falcon Heavy,Space Exploration Technologies Corporation,FL
"20190328Mar 28, 2019",Yellowfin,Electron,Rocket Lab USA,NZ
"20190302Mar 2, 2019",M1,SARGE,Exos Aerospace,NM
"20190222Feb 22, 2019",VF-01,SpaceShipTwo,Virgin Galactic,CA
"20190221Feb 21, 2019",PSN VI,Falcon 9,Space Exploration Technologies Corporation,FL
"20190123Jan 23, 2019",P7,New Shepard System,Blue Origin,TX
"20190111Jan 11, 2019",Iridium-7,Falcon 9,Space Exploration Technologies Corporation,CA
"Dec 16, 2018",ELaNa XIX,Electron,Rocket Lab USA,NZ
"20181213Dec 13, 2018",VP03,SpaceShipTwo,Virgin Galactic,CA
"20181205Dec 5, 2018",CRS-16,Falcon 9,Space Exploration Technologies Corporation,FL
"20181203Dec 3, 2018",SSO-A,Falcon 9,Space Exploration Technologies Corporation,CA
"20181129Nov 29, 2018",N/A,Astra Rocket 2,Astra,AK
"20181117Nov 17, 2018",NG-10 Cygnus,Antares,Orbital Sciences Corp.,VA
"20181115Nov 15, 2018",Es'Hail-2,Falcon 9,Space Exploration Technologies Corporation,FL
"20181110Nov 10, 2018",It's Business Time,Electron,Rocket Lab USA,NZ
"20181007Oct 7, 2018",SAOCOM-1A,Falcon 9,Space Exploration Technologies Corporation,CA
"20180910Sep 10, 2018",Telstar 18V,Falcon 9,Space Exploration Technologies Corporation,FL
"20180825Aug 25, 2018",Pathfinder 1,SARGE,Exos Aerospace,NM
"20180807Aug 7, 2018",Telkom-4,Falcon 9,Space Exploration Technologies Corporation,FL
"20180726Jul 26, 2018",N/A,SpaceShipTwo,Virgin Galactic,CA
"20180725Jul 25, 2018",Iridium-6,Falcon 9,Space Exploration Technologies Corporation,CA
"20180722Jul 22, 2018",Telstar 19V,Falcon 9,Space Exploration Technologies Corporation,FL
"20180720Jul 20, 2018",N/A,Astra Rocket 1,"Astra Space, Inc.",AK
"20180718Jul 18, 2018",Multiple Payloads,PM4,Blue Origin,TX
"20180629Jun 29, 2018",CRS-15,Falcon 9,Space Exploration Technologies Corporation,FL
"20180604Jun 4, 2018",SES-12,Falcon 9,Space Exploration Technologies Corporation,FL
"20180529May 29, 2018",VP01-2,SpaceShipTwo,Virgin Galactic,CA
"20180522May 22, 2018",Iridium GRACE FO,Falcon 9,Space Exploration Technologies Corporation,CA
"20180521May 21, 2018",OA-9 Cygnus,Antares,Orbital ATK,VA
"20180511May 11, 2018",BangabandhuSat-1,Falcon 9,Space Exploration Technologies Corporation,FL
"20180429Apr 29, 2018",M8,New Shepard System,Blue Origin,TX
"20180405Apr 5, 2018",N/A,SpaceShipTwo,Virgin Galactic,CA
"20180402Apr 2, 2018",CRS-14,Falcon 9,Space Exploration Technologies Corporation,FL
"20180330Mar 30, 2018",Iridium-5,Falcon 9,Space Exploration Technologies Corporation,CA
"20180306Mar 6, 2018",HispaSat 30W-6,Falcon 9,Space Exploration Technologies Corporation,FL
"20180222Feb 22, 2018",Paz/Demosat,Falcon 9,Space Exploration Technologies Corporation,CA
"20180206Feb 6, 2018",Tesla Roadster,Falcon Heavy,Space Exploration Technologies Corporation,FL
"20180131Jan 31, 2018",GovSat-1,Falcon 9,Space Exploration Technologies Corporation,FL
"20180120Jan 20, 2018",StillTesting,Electron,Rocket Lab USA,NZ
"20180107Jan 7, 2018",Zuma,Falcon 9,Space Exploration Technologies Corporation,FL
"20171222Dec 22, 2017",Iridium-4,Falcon 9,Space Exploration Technologies Corporation,CA
"20171215Dec 15, 2017",Dragon,Falcon 9,Space Exploration Technologies Corporation,FL
"20171212Dec 12, 2017",Blue Origin Crew Capsule,New Shepard System,Blue Origin,TX
"20171113Nov 13, 2017",OA-8 Cygnus,Antares,Orbital Sciences Corp.,VA
"20171031Oct 31, 2017",Skybox,Minotaur-C,Orbital Sciences Corp.,CA
"20171030Oct 30, 2017",KoreaSat-5A,Falcon 9,Space Exploration Technologies Corporation,FL
"20171011Oct 11, 2017",SES-11,Falcon 9,Space Exploration Technologies Corporation,FL
"20171009Oct 9, 2017",Iridium-3,Falcon 9,Space Exploration Technologies Corporation,CA
"20170826Aug 26, 2017",ORS-5,Minotaur IV,Orbital ATK,FL
"20170824Aug 24, 2017",Formosat-5,Falcon 9,Space Exploration Technologies Corporation,CA
"20170814Aug 14, 2017",CRS-12,Falcon 9,Space Exploration Technologies Corporation,FL
"20170705Jul 5, 2017",Intelsat-35,Falcon 9,Space Exploration Technologies Corporation,FL
"20170625Jun 25, 2017",Iridium-2,Falcon 9,Space Exploration Technologies Corporation,CA
"20170623Jun 23, 2017",Bulgaria SAT-1,Falcon 9,Space Exploration Technologies Corporation,FL
"20170603Jun 3, 2017",Dragon CRS-11,Falcon 9,Space Exploration Technologies Corporation,FL
"20170525May 25, 2017",Humanity Star,Electron,Rocket Lab USA,NZ
"20170515May 15, 2017",Inmarsat-5 F-4,Falcon 9,Space Exploration Technologies Corporation,FL
"20170501May 1, 2017",NROL-76,Falcon 9,Space Exploration Technologies Corporation,FL
"20170418Apr 18, 2017",OA-7 Cygnus,Atlas V,United Launch Alliance,FL
"20170330Mar 30, 2017",SES-10,Falcon 9,Space Exploration Technologies Corporation,FL
"20170316Mar 16, 2017",EchoStar-23,Falcon 9,Space Exploration Technologies Corporation,FL
"20170219Feb 19, 2017",Dragon CRS 10,Falcon 9,Space Exploration Technologies Corporation,FL
"20170114Jan 14, 2017",Iridium-1,Falcon 9,Space Exploration Technologies Corporation,CA
"20161218Dec 18, 2016",EchoStar 19,Atlas V,Lockheed Martin Commercial Launch Services,FL
"20161111Nov 11, 2016",Worldview 4,Atlas V,Lockheed Martin Commercial Launch Services,CA
"20161017Oct 17, 2016",OA-5 Cygnus,Antares,Orbital Sciences Corp.,VA
"20160814Aug 14, 2016",JCSat-16,Falcon 9,Space Exploration Technologies Corporation,FL
"20160718Jul 18, 2016",CRS-9,Falcon 9,Space Exploration Technologies Corporation,FL
"20160615Jun 15, 2016",ABS-2A/Eutelsat 117W B,Falcon 9,Space Exploration Technologies Corporation,FL
"20160527May 27, 2016",Thaicom 8,Falcon 9,Space Exploration Technologies Corporation,FL
"20160506May 6, 2016",JCSat-14,Falcon 9,Space Exploration Technologies Corporation,FL
"20160408Apr 8, 2016",Dragon Spacecraft CRS-8,Falcon 9,Space Exploration Technologies Corporation,FL
"20160322Mar 22, 2016",OA-6 Cygnus,Atlas V,United Launch Alliance,FL
"20160304Mar 4, 2016",SES-9,Falcon 9,Space Exploration Technologies Corporation,FL
"20151221Dec 21, 2015",Orbcomm2,Falcon 9,Space Exploration Technologies Corporation,FL
"20151206Dec 6, 2015",OA-4 Cygnus,Atlas V,United Launch Alliance,FL
"20151002Oct 2, 2015",Morelos-3 Communications Satellite,Atlas V,United Launch Alliance,FL
"20150628Jun 28, 2015",Dragon Spacecraft CRS-7,Falcon 9,Space Exploration Technologies Corporation,FL
"20150506May 6, 2015",No payload; Pad Abort Test,Dragon crew,Space Exploration Technologies Corporation,FL
"20150427Apr 27, 2015",TurkmenAlem52E/MonacoSat Communication Satellite,Falcon 9,Space Exploration Technologies Corporation,FL
"20150414Apr 14, 2015",Dragon Spacecraft CRS-6,Falcon 9,Space Exploration Technologies Corporation,FL
"20150301Mar 1, 2015",ABS3/EUTELSAT-1,Falcon 9,Space Exploration Technologies Corporation,FL
"20150110Jan 10, 2015",Dragon Spacecraft CRS-5,Falcon 9,Space Exploration Technologies Corporation,FL
"20141205Dec 5, 2014",Orion Exploration Flight Test 1 (EFT-1) reentry vehicle,Delta IV Heavy,United Launch Alliance,FL
"20141028Oct 28, 2014",Orb-3 Cygnus,Antares,Orbital ATK,VA
"20140921Sep 21, 2014",CRS-4 Dragon 6 Capsule,Falcon 9,Space Exploration Technologies Corporation,FL
"20140907Sep 7, 2014",AsiaSat-6,Falcon 9,Space Exploration Technologies Corporation,FL
"20140813Aug 13, 2014",WorldView-3 Satellite,Atlas V-401,Lockheed Martin Commercial Launch Services,CA
"20140805Aug 5, 2014",AsiaSat-8,Falcon 9,Space Exploration Technologies Corporation,FL
"20140714Jul 14, 2014",Orbcomm-1 Second Generation Communications Satellites (#1 through #6),Falcon 9,Space Exploration Technologies Corporation,FL
"20140713Jul 13, 2014",Orb-2 Cygnus,Antares,Orbital ATK,VA
"20140526May 26, 2014",Eutelsat 3B,Zenit-3SL,"Energia Logistics, Ltd. (ELUS)",Pacific Ocean
"20140418Apr 18, 2014",Dragon,Falcon 9,Space Exploration Technologies Corporation,FL
"20140109Jan 9, 2014",Orb-1 Cygnus,Antares,Orbital ATK,VA
"20140106Jan 6, 2014",THAICOM 6 MISSION,Falcon 9,Space Exploration Technologies Corporation,FL
"20131203Dec 3, 2013",SES-8,Falcon 9,Space Exploration Technologies Corporation,FL
"20131119Nov 19, 2013",ORS-3,Minotaur,Orbital ATK,VA
"20130929Sep 29, 2013",Cassiope,Falcon 9,Space Exploration Technologies Corporation,CA
"20130918Sep 18, 2013",Orb-D1 Cygnus,Antares,Orbital ATK,VA
"20130421Apr 21, 2013",Mass Simulator,Antares,Orbital ATK,VA
"20130301Mar 1, 2013",Dragon Reentry Capsule,Falcon 9,Space Exploration Technologies Corporation,FL
"20130201Feb 1, 2013",Intelsat 27,Zenit-3SL,"Energia Logistics, Ltd. (ELUS)",Pacific Ocean
"20130105Jan 5, 2013",Scientific,STIG-B III,Armadillo Aerospace,NM
"20121203Dec 3, 2012",Eutelsat 70B,Zenit-3SL,"Energia Logistics, Ltd. (ELUS)",Pacific Ocean
"20121104Nov 4, 2012",Scientific,STIG-B,Armadillo Aerospace,NM
"20121007Oct 7, 2012",Dragon Reentry Capsule,Falcon 9,Space Exploration Technologies Corporation,FL
"20121006Oct 6, 2012",Scientific,STIG-B,Armadillo Aerospace,NM
"Aug 18, 2012",Intelsat 21,Zenit-3SL,"Energia Logistics, Ltd. (ELUS)",Pacific Ocean
"20120601Jun 1, 2012",Intelsat-19,Zenit-3SL,"Energia Logistics, Ltd. (ELUS)",Pacific Ocean
"20120522May 22, 2012",Dragon Reentry Capsule,Falcon 9,Space Exploration Technologies Corporation,FL
"20110924Sep 24, 2011",Atlantic Bird 7,Zenit-3SL,"Energia Logistics, Ltd. (ELUS)",Pacific Ocean
"20101208Dec 8, 2010",Dragon Reentry Capsule,Falcon 9,Space Exploration Technologies Corporation,FL
"20101106Nov 6, 2010",COSMO-Skymed 4,Delta II,Boeing Launch Services,CA
"20100604Jun 4, 2010",Dragon Reentry Capsule,Falcon 9,Space Exploration Technologies Corporation,FL
"20100304Mar 4, 2010",GOES-P,Delta IV,Boeing Launch Services,FL
"20091123Nov 23, 2009",Intelsat 14,Atlas V,Lockheed Martin Commercial Launch Services,FL
"20091008Oct 8, 2009",WorldView-2,Delta II,Boeing Launch Services,CA
"20090714Jul 14, 2009",RazakSat,Falcon 1,Space Exploration Technologies Corporation,MH
"20090627Jun 27, 2009",GOES O,Delta IV,The Boeing Company,FL
"20090420Apr 20, 2009",SICRAL 1B,Zenit-3SL,Sea Launch Limited Partnership,Pacific Ocean
"20081025Oct 25, 2008",COSMO SkyMed 3,Delta II,The Boeing Company,CA
"20080928Sep 28, 2008",Payload Mass Simulator,Falcon 1,Space Exploration Technologies Corporation,MH
"20080924Sep 24, 2008",Galaxy 19,Zenit-3SL,Sea Launch Limited Partnership,Pacific Ocean
"20080906Sep 6, 2008",GeoEye 1,Delta II,Boeing Launch Services,CA
"20080802Aug 2, 2008","Trailblazer, Presat, Nanosail-D",Falcon 1,Space Exploration Technologies Corporation,MH
"20080716Jul 16, 2008",EchoStar XI,Zenit-3SL,Sea Launch Limited Partnership,Pacific Ocean
"20080521May 21, 2008",Galaxy 18,Zenit-3SL,Sea Launch Limited Partnership,Pacific Ocean
"20080416Apr 16, 2008",C/NOFS,Pegasus XL,Orbital ATK,MH
"20080414Apr 14, 2008",ICO-G1,Atlas V-421,Lockheed Martin Commercial Launch Services,FL
"20080319Mar 19, 2008",DIRECTV 11,Zenit-3SL,Sea Launch Limited Partnership,Pacific Ocean
"20080115Jan 15, 2008",Thuraya D3,Zenit-3SL,Sea Launch Limited Partnership,Pacific Ocean
"20071209Dec 9, 2007",COSMO-SkyMed-2,Delta II,Boeing Launch Services,CA
"20070918Sep 18, 2007",WorldView 1,Delta II,Boeing Launch Services,CA
"20070608Jun 8, 2007",COSMO-SkyMed 1,Delta II,McDonnell Douglas Corporation,CA
"20070130Jan 30, 2007",NSS-8,Zenit-3SL,Sea Launch Limited Partnership,Pacific Ocean
"20061030Oct 30, 2006",XM Radio 4,Zenit-3SL,Sea Launch Limited Partnership,Pacific Ocean
"20060822Aug 22, 2006",Koreasat 5,Zenit-3SL,Sea Launch Limited Partnership,Pacific Ocean
"20060618Jun 18, 2006",Galaxy 16,Zenit-3SL,Sea Launch Limited Partnership,Pacific Ocean
"20060524May 24, 2006",GOES N,Delta IV,McDonnell Douglas Corporation,FL
"20060420Apr 20, 2006",Astra 1KR,Atlas V,Lockheed Martin Commercial Launch Services,FL
"20060411Apr 11, 2006",JCSat 9,Zenit-3SL,Sea Launch Limited Partnership,Pacific Ocean
"20060215Feb 15, 2006",Echostar X,Zenit-3SL,Sea Launch Limited Partnership,Pacific Ocean
"20051108Nov 8, 2005",INMARSAT-4F2,Zenit-3SL,Sea Launch Limited Partnership,Pacific Ocean
"20050623Jun 23, 2005",Intelsat Americas 8,Zenit-3SL,Sea Launch Limited Partnership,Pacific Ocean
"20050426Apr 26, 2005",Spaceway-1,Zenit-3SL,Sea Launch Limited Partnership,Pacific Ocean
"20050311Mar 11, 2005",INMARSAT-4F1,Atlas V-431,Lockheed Martin Commercial Launch Services,FL
"20050301Mar 1, 2005",XM-3,Zenit-3SL,Sea Launch Limited Partnership,Pacific Ocean
"20041217Dec 17, 2004",AMC-16,Atlas V-521,Lockheed Martin Commercial Launch Services,FL
"20041004Oct 4, 2004",(Flight 17P),SpaceShipOne,Scaled Composites,CA
"20040929Sep 29, 2004",(Flight 16P),SpaceShipOne,Scaled Composites,CA
"20040629Jun 29, 2004",Telstar 18,Zenit-3SL,Sea Launch Limited Partnership,Pacific Ocean
"20040621Jun 21, 2004",(Flight 15P),SpaceShipOne,Scaled Composites,CA
"20040520May 20, 2004",AMC-11,Atlas IIAS,Lockheed Martin Commercial Launch Services,FL
"20040517May 17, 2004",Rocsat-2,Taurus,Orbital ATK,CA
"20040513May 13, 2004",(Flight 14P),SpaceShipOne,Scaled Composites,CA
"20040504May 4, 2004",DTV 7S,Zenit,Sea Launch Limited Partnership,Pacific Ocean
"20040416Apr 16, 2004",Superbird-6,Atlas IIAS,Lockheed Martin Commercial Launch Services,FL
"20040408Apr 8, 2004",(Flight 13P),SpaceShipOne,Scaled Composites,CA
"20040313Mar 13, 2004",MBSat,Atlas IIIA,Lockheed Martin Commercial Launch Services,FL
"20040205Feb 5, 2004",AMC-10,Atlas IIAS,Lockheed Martin Commercial Launch Services,FL
"20040111Jan 11, 2004",Estrela do Sul,Zenit,Sea Launch Limited Partnership,Pacific Ocean
"20031218Dec 18, 2003",UHF-F11 17,Atlas IIIB,Lockheed Martin Commercial Launch Services,FL
"20031001Oct 1, 2003",Galaxy 13,Zenit-3SL,Sea Launch Limited Partnership,Pacific Ocean
"20030808Aug 8, 2003",Echostar IX,Zenit-3SL,Sea Launch Limited Partnership,Pacific Ocean
"20030717Jul 17, 2003",Rainbow,Atlas V,Lockheed Martin Commercial Launch Services,FL
"20030626Jun 26, 2003",Orbview 3,Pegasus XL,Orbital ATK,CA
"20030607Jun 7, 2003",Thuraya II,Zenit-3SL,Sea Launch Limited Partnership,Pacific Ocean
"20030513May 13, 2003",Hellas Sat 2,Atlas V,Lockheed Martin Commercial Launch Services,FL
"20030412Apr 12, 2003",ASIASAT 4,Atlas IIIB,Lockheed Martin Commercial Launch Services,FL
"20021120Nov 20, 2002",EUTELSAT W5,Delta IV,Boeing Launch Services,FL
"20020918Sep 18, 2002",HISPASAT-1D,Atlas IIAS,Lockheed Martin Commercial Launch Services,FL
"20020821Aug 21, 2002",HOTBIRD 6,Atlas V,Lockheed Martin Commercial Launch Services,FL
"20020730Jul 30, 2002",HyShot 2,Terrier-Orion,Astrotech,AU
"20020615Jun 15, 2002",GALAXY IIIC,Zenit-3SL,Sea Launch Limited Partnership,Pacific Ocean
"20020221Feb 21, 2002",ECHOSTAR VII,Atlas IIIB,Lockheed Martin Commercial Launch Services,FL
"20020211Feb 11, 2002",IRIDIUM,Delta II,McDonnell Douglas Corporation,CA
"20011029Oct 29, 2001",HyShot 1,Terrier-Orion,Astrotech,AU
"20011018Oct 18, 2001",QUICKBIRD 2,Delta II,McDonnell Douglas Corporation,CA
"20010921Sep 21, 2001",ORBVIEW 4,Taurus,Orbital ATK,CA
"20010619Jun 19, 2001",ICO 2,Atlas IIAS,Lockheed Martin Commercial Launch Services,FL
"20010508May 8, 2001",XM-1,Zenit-3SL,Sea Launch Limited Partnership,Pacific Ocean
"20010318Mar 18, 2001",XM-2,Zenit-3SL,Sea Launch Limited Partnership,Pacific Ocean
"20001021Oct 21, 2000",THURAYA-1,Zenit-3SL,Sea Launch Limited Partnership,Pacific Ocean
"20001009Oct 9, 2000",HETE II,Pegasus,Orbital ATK,MH
"20000823Aug 23, 2000",DM-F3 (DEMOSAT),Delta III,TBC,FL
"20000728Jul 28, 2000",PAS 9,Zenit-3SL,Sea Launch Limited Partnership,Pacific Ocean
"20000714Jul 14, 2000",ECHOSTAR VI,Atlas IIAS,Lockheed Martin Commercial Launch Services,FL
"20000607Jun 7, 2000",TSX-5,Pegasus XL,Orbital ATK,CA
"20000524May 24, 2000",EUTELSAT W4,Atlas IIIA,Lockheed Martin Commercial Launch Services,FL
"20000312Mar 12, 2000",ICOF-1,Zenit-3SL,Sea Launch Limited Partnership,Pacific Ocean
"20000208Feb 8, 2000",GLOBALSTAR 7,Delta II,McDonnell Douglas Corporation,FL
"20000203Feb 3, 2000",HISPASAT-1C,Atlas IIAS,Lockheed Martin Commercial Launch Services,FL
"19991221Dec 21, 1999",KOMPSAT/ACRIMSAT,Taurus,Orbital ATK,CA
"19991204Dec 4, 1999",ORBCOMM IV,Pegasus XL,Orbital ATK,VA
"19991123Nov 23, 1999",GBS F10,Atlas IIA,Lockheed Martin Commercial Launch Services,FL
"19991009Oct 9, 1999",DIRECTV 1R,Zenit-3SL,Sea Launch Limited Partnership,Pacific Ocean
"19990924Sep 24, 1999",IKONOS 2,Athena-2,Lockheed Martin Commercial Launch Services,CA
"19990923Sep 23, 1999",ECHOSTAR V,Atlas IIAS,Lockheed Martin Commercial Launch Services,FL
"19990817Aug 17, 1999",GLOBALSTAR 6,Delta II,McDonnell Douglas Corporation,FL
"19990725Jul 25, 1999",GLOBALSTAR 5,Delta II,McDonnell Douglas Corporation,FL
"19990710Jul 10, 1999",GLOBALSTAR 4,Delta II,McDonnell Douglas Corporation,FL
"19990610Jun 10, 1999",GLOBALSTAR 3,Delta II,McDonnell Douglas Corporation,FL
"19990518May 18, 1999",TERRIERS,Pegasus XL,Orbital ATK,CA
"19990505May 5, 1999",ORION 3,Delta III,McDonnell Douglas Corporation,FL
"19990427Apr 27, 1999",IKONOS 1,Athena-2,Lockheed Martin Commercial Launch Services,CA
"19990412Apr 12, 1999",EUTELSAT W3,Atlas IIAS,Lockheed Martin Commercial Launch Services,FL
"19990328Mar 28, 1999",Mass Simulator,Zenit-3SL,Sea Launch Limited Partnership,Pacific Ocean
"Feb 16, 1999",JCSAT-6,Atlas IIAS,Lockheed Martin Commercial Launch Services,FL
"19990127Jan 27, 1999",ROCSAT,Athena-11,Lockheed Martin Commercial Launch Services,FL
"19981122Nov 22, 1998",BONUM-1,Delta II,McDonnell Douglas Corporation,FL
"19981106Nov 6, 1998",IRIDIUM 11,Delta II,McDonnell Douglas Corporation,CA
"19981023Oct 23, 1998",SCD-2,Pegasus XL,Orbital ATK,FL
"19981020Oct 20, 1998",GBS F9,Atlas IIA,Lockheed Martin Commercial Launch Services,FL
"19981009Oct 9, 1998",HOTBIRD 5,Atlas IIA,Lockheed Martin Commercial Launch Services,FL
"19980923Sep 23, 1998",ORBCOMM III,Pegasus XL,Orbital ATK,VA
"19980908Sep 8, 1998",IRIDIUM 10,Delta II,McDonnell Douglas Corporation,CA
"19980827Aug 27, 1998",GALAXY 10,Delta III,McDonnell Douglas Corporation,FL
"19980802Aug 2, 1998",ORBCOMM II,Pegasus XL,Orbital ATK,VA
"19980618Jun 18, 1998",INTELSAT 805,Atlas IIAS,Lockheed Martin Commercial Launch Services,FL
"19980610Jun 10, 1998",THOR III,Delta II,McDonnell Douglas Corporation,FL
"19980517May 17, 1998",IRIDIUM 9,Delta II,McDonnell Douglas Corporation,CA
"19980424Apr 24, 1998",GLOBALSTAR 2,Delta II,McDonnell Douglas Corporation,FL
"19980330Mar 30, 1998",IRIDIUM 8,Delta II,McDonnell Douglas Corporation,CA
"19980316Mar 16, 1998",GBS F8,Atlas IIA,Lockheed Martin Commercial Launch Services,FL
"19980228Feb 28, 1998",INTELSAT 806,Atlas IIAS,Lockheed Martin Commercial Launch Services,FL
"19980226Feb 26, 1998",SNOE,Pegasus XL,Orbital ATK,CA
"19980218Feb 18, 1998",IRIDIUM 7,Delta II,McDonnell Douglas Corporation,CA
"19980214Feb 14, 1998",GLOBALSTAR 1,Delta II,McDonnell Douglas Corporation,FL
"19980210Feb 10, 1998",GEOSAT F/O,Taurus,Orbital ATK,CA
"19980110Jan 10, 1998",SKYNET 4D,Delta II,McDonnell Douglas Corporation,FL
"19980107Jan 7, 1998",Lunar Prospector,Athena-2,Lockheed Martin Commercial Launch Services,FL
"19971223Dec 23, 1997",ORBCOMM I,Pegasus XL,Orbital ATK,VA
"19971220Dec 20, 1997",IRIDIUM 6,Delta II,McDonnell Douglas Corporation,CA
"19971208Dec 8, 1997",GALAXY 8I,Atlas IIAS,Lockheed Martin Commercial Launch Services,FL
"19971109Nov 9, 1997",IRIDIUM 5,Delta II,McDonnell Douglas Corporation,CA
"19971005Oct 5, 1997",ECHOSTAR III,Atlas IIAS,Lockheed Martin Commercial Launch Services,FL
"19970927Sep 27, 1997",IRIDIUM 4,Delta II,McDonnell Douglas Corporation,CA
"19970904Sep 4, 1997",GE-3,Atlas IIAS,Lockheed Martin Commercial Launch Services,FL
"19970822Aug 22, 1997",LEWIS,LMLV-1,Lockheed Martin Commercial Launch Services,CA
"19970821Aug 21, 1997",IRIDIUM 3,Delta II,McDonnell Douglas Corporation,CA
"19970801Aug 1, 1997",SEASTAR,Pegasus XL,Orbital ATK,CA
"19970728Jul 28, 1997",SUPERBIRD-C,Atlas IIAS,Lockheed Martin Commercial Launch Services,FL
"19970709Jul 9, 1997",IRIDIUM 2,Delta II,McDonnell Douglas Corporation,CA
"19970520May 20, 1997",THOR 2A,Delta II,McDonnell Douglas Corporation,FL
"19970505May 5, 1997",IRIDIUM 1,Delta II,McDonnell Douglas Corporation,CA
"19970421Apr 21, 1997",MINISAT I,Pegasus XL,Orbital ATK,
"19970308Mar 8, 1997",TEMPO DBS,Atlas IIA,Lockheed Martin Commercial Launch Services,FL
"19970217Feb 17, 1997",JCSAT-4,Atlas IIAS,Lockheed Martin Commercial Launch Services,FL
"19961218Dec 18, 1996",INMARSAT III F3,Atlas IIA,Lockheed Martin Commercial Launch Services,FL
"19961121Nov 21, 1996",HOT BIRD 2,Atlas IIA,Lockheed Martin Commercial Launch Services,FL
"19960908Sep 8, 1996",GE-1,Atlas IIA,Lockheed Martin Commercial Launch Services,FL
"19960725Jul 25, 1996",EHF F7,Atlas II,Lockheed Martin Commercial Launch Services,FL
"19960524May 24, 1996",GALAXY IX,Delta II,McDonnell Douglas Corporation,FL
"19960517May 17, 1996",MSTI III,Std Pegasus,Orbital ATK,CA
"19960430Apr 30, 1996",SAX,Atlas I,Lockheed Martin Commercial Launch Services,FL
"19960424Apr 24, 1996",MSX,Delta II,McDonnell Douglas Corporation,CA
"19960403Apr 3, 1996",CONQUEST,Starfire 1,EER Systems Corporation,NM
"19960403Apr 3, 1996",INMARSAT III F1,Atlas IIA,Lockheed Martin Commercial Launch Services,FL
"19960201Feb 1, 1996",PALAPA-C1,Atlas IIAS,Lockheed Martin Commercial Launch Services,FL
"19960114Jan 14, 1996",KOREASAT-2,Delta II,McDonnell Douglas Corporation,FL
"19951215Dec 15, 1995",Galaxy 3R,Atlas IIA,Lockheed Martin Commercial Launch Services,FL
"19951023Oct 23, 1995",METEOR,Conestoga,EER Systems Corporation,VA
"19951022Oct 22, 1995",EHF-F6,Atlas II,Lockheed Martin Commercial Launch Services,FL
"19950829Aug 29, 1995",JCSAT-3,Atlas IIAS,Lockheed Martin Commercial Launch Services,FL
"19950815Aug 15, 1995",GEMSTAR,LLV-1,Lockheed Martin Commercial Launch Services,CA
"19950805Aug 5, 1995",KOREASAT-1,Delta II,McDonnell Douglas Corporation,FL
"19950531May 31, 1995",EHF-F5,Atlas II,Martin Marrietta,FL
"19950407Apr 7, 1995",MSAT,Atlas IIA,Martin Marrietta,FL
"19950403Apr 3, 1995",ORBCOMM FM1 & 2,Std Pegasus,Orbital ATK,CA
"19950322Mar 22, 1995",INTELSAT-VII-705,Atlas IIAS,Martin Marrietta,FL
"19950128Jan 28, 1995",EHF-F4,Atlas II,Martin Marrietta,FL
"19950110Jan 10, 1995",INTELSAT-VII-704,Atlas IIAS,Martin Marrietta,FL
"19941208Dec 8, 1994",CSAR II,Black Brant,EER Systems Corporation,NM
"19941129Nov 29, 1994",ORION,Atlas IIA,Martin Marrietta,FL
"19941006Oct 6, 1994",INTELSAT-VII-703,Atlas IIAS,Martin Marrietta,FL
"19940803Aug 3, 1994",HUGHES DIRECT TV,Atlas IIA,Martin Marrietta,FL
"19940624Jun 24, 1994",UHF-3,Atlas I,Martin Marrietta,FL
"19940219Feb 19, 1994",GALAXY 1R-2,Delta II,McDonnell Douglas Corporation,FL
"19931216Dec 16, 1993",TELSTAR 401,Atlas IIAS,General Dynamics,FL
"19931208Dec 8, 1993",NATO IVB,Delta II,McDonnell Douglas Corporation,FL
"19930903Sep 3, 1993",UHF-2,Atlas I,General Dynamics,FL
"19930325Mar 25, 1993",UHF-1,Atlas I,General Dynamics,FL
"19930219Feb 19, 1993",CONSORT-6,Starfire 1,EER Systems Corporation,NM
"19930209Feb 9, 1993",SCD-1/OXP,Pegasus,Orbital ATK,VA
"19921012Oct 12, 1992",KOPERNIKUS,Delta II,McDonnell Douglas Corporation,FL
"19920910Sep 10, 1992",CONSORT-5,Starfire 1,EER Systems Corporation,NM
"19920831Aug 31, 1992",SATCOM C4,Delta II,McDonnell Douglas Corporation,FL
"19920822Aug 22, 1992",GALAXY 1R,Atlas I,General Dynamics,FL
"19920610Jun 10, 1992",INTELSAT K,Atlas IIA,General Dynamics,FL
"19920514May 14, 1992",PALAPA B-4,Delta II,McDonnell Douglas Corporation,FL
"19920314Mar 14, 1992",GALAXY 5,Atlas I,General Dynamics,FL
"19911207Dec 7, 1991",EUTELSAT,Atlas II,General Dynamics,FL
"19911116Nov 16, 1991",CONSORT-4,Starfire 1,EER Systems Corporation,NM
"19910912Sep 12, 1991",ZEST-2,TalosCastor 1,Orbital ATK,HI
"19910902Sep 2, 1991",ZEST-1,TalosCastor 1,Orbital ATK,HI
"19910618Jun 18, 1991",JOUST-1,Prospector,Space Data,FL
"19910529May 29, 1991",AURORA II,Delta II,McDonnell Douglas Corporation,FL
"19910418Apr 18, 1991",BS-3H,Atlas I,General Dynamics,FL
"19910413Apr 13, 1991",ASC-2,Delta II,McDonnell Douglas Corporation,FL
"19910308Mar 8, 1991",INMARSAT 2 FLT 2,Delta II,McDonnell Douglas Corporation,FL
"19910108Jan 8, 1991",NATO IVA,Delta II,McDonnell Douglas Corporation,FL
"19901030Oct 30, 1990",INMARSAT 2 FLT 1,Delta II,McDonnell Douglas Corporation,FL
"19900817Aug 17, 1990",BSB-R2,Delta II,McDonnell Douglas Corporation,FL
"19900725Jul 25, 1990",CRRES,Atlas I,General Dynamics,FL
"19900623Jun 23, 1990",INTELSAT VI,Titan,Martin Marrietta,FL
"19900612Jun 12, 1990",INSAT-1D,Delta 4925,McDonnell Douglas Corporation,FL
"19900517May 17, 1990",CONSORT-3,Starfire 1,Space Services,NM
"Apr 13, 1990",PALAPA B2-R,Delta II,McDonnell Douglas Corporation,FL
"19900314Mar 14, 1990",INTELSAT VI,Titan,Martin Marrietta,FL
"19900214Feb 14, 1990",LOSAT,Delta II,McDonnell Douglas Corporation,FL
"19900101Jan 1, 1990",JCSAT/SKYNET,Titan,Martin Marrietta,FL
"19891115Nov 15, 1989",CONSORT-2,Starfire 1,Space Services,NM
"19891005Oct 5, 1989",SET-1,SMLV,American Rocket,CA
"19890827Aug 27, 1989",BSB-R1,Delta II,McDonnell Douglas Corporation,FL
"19890329Mar 29, 1989",CONSORT-1,Starfire,Space Services,NM
